{
    "customers": [
      {
        "id": 890,
        "name": "siya",
        "email": "siya@gmail.com",
        "phone": 9897676567
      },
      {
        "id": 909,
        "name": "sefcfc",
        "email": "kjhnbmn@hgjh",
        "phone": 909090909
      },
      {
        "id": 809,
        "name": "HAritha",
        "email": "sxdfhg@derg",
        "phone": 9090909093
      },
      {
        "id": 8998,
        "name": "HHBJKHKJ",
        "email": "sxdfhg@derg",
        "phone": 8989988989
      },
      {
        "id": 676,
        "name": "Fhjkjkl",
        "email": "sdf@xfcdbg.com",
        "phone": "9090909090"
      },
      {
        "id": 904,
        "name": "hkhjb",
        "email": "hbjh@hh.com",
        "phone": 9876543210
      }
    ]}